create database blog;

\connect blog

CREATE TABLE BlogUser (
    id SERIAL PRIMARY KEY,
    name VARCHAR(100),
    email VARCHAR(255) NOT NULL
);

CREATE TABLE Post (
    id SERIAL PRIMARY KEY,
    user_id INTEGER REFERENCES BlogUser(id),
    title VARCHAR(255) NOT NULL,
    text TEXT
);

CREATE TABLE Comment (
    id SERIAL PRIMARY KEY,
    text TEXT,
    user_id INTEGER REFERENCES BlogUser(id),
    post_id INTEGER REFERENCES Post(id),
    parent_comment_id INTEGER REFERENCES Comment(id)
    CHECK (
        (post_id IS NOT NULL AND parent_comment_id IS NULL) OR
        (post_id IS NULL AND parent_comment_id IS NOT NULL)
    )
);


insert into BlogUser (id, name, email) values (1, 'Quinn', 'qrhead0@kickstarter.com');
insert into BlogUser (id, name, email) values (2, 'Leodora', 'luccello1@usa.gov');
insert into BlogUser (id, name, email) values (3, 'Arabelle', 'awitton2@google.com');
insert into BlogUser (id, name, email) values (4, 'Gay', 'gdelph3@who.int');
insert into BlogUser (id, name, email) values (5, 'Dev', 'dtrethewey4@clickbank.net');
insert into BlogUser (id, name, email) values (6, 'Judah', 'jclose5@google.es');
insert into BlogUser (id, name, email) values (7, 'Jimbo', 'chutcheon6@wiley.com');
insert into BlogUser (id, name, email) values (8, 'Leena', 'lbruckental7@umich.edu');
insert into BlogUser (id, name, email) values (9, 'Deina', 'dfrostdicke8@free.fr');
insert into BlogUser (id, name, email) values (10, 'Sophia', 'speaseman9@storify.com');
insert into BlogUser (id, name, email) values (11, 'Gerri', 'gbalcombea@amazon.com');
insert into BlogUser (id, name, email) values (12, 'Kettie', 'kculloteyb@spotify.com');
insert into BlogUser (id, name, email) values (13, 'Illa', 'icissonc@ucsd.edu');
insert into BlogUser (id, name, email) values (14, 'Elwood', 'ebleadend@yandex.ru');
insert into BlogUser (id, name, email) values (15, 'Aline', 'acrucittie@digg.com');
insert into BlogUser (id, name, email) values (16, 'Herminia', 'hgounotf@google.ca');
insert into BlogUser (id, name, email) values (17, 'Tiertza', 'tmontgomeryg@kickstarter.com');
insert into BlogUser (id, name, email) values (18, 'Sayres', 'sshanklinh@slashdot.org');
insert into BlogUser (id, name, email) values (19, 'Davide', 'ddalstoni@printfriendly.com');
insert into BlogUser (id, name, email) values (20, 'Filippa', 'fduchesnej@biblegateway.com');
insert into BlogUser (id, name, email) values (21, 'Corinne', 'cbursnollk@drupal.org');
insert into BlogUser (id, name, email) values (22, 'Hestia', 'hmoorheadl@jimdo.com');
insert into BlogUser (id, name, email) values (23, 'Rozamond', 'rshirerm@home.pl');
insert into BlogUser (id, name, email) values (24, 'Jessalin', 'jdoogoodn@fda.gov');
insert into BlogUser (id, name, email) values (25, 'Dasha', 'dbellisso@amazon.de');
insert into BlogUser (id, name, email) values (26, 'Worthy', 'wmcauslanp@indiegogo.com');
insert into BlogUser (id, name, email) values (27, 'Prentiss', 'pbatchleyq@google.de');
insert into BlogUser (id, name, email) values (28, 'Catherine', 'ckwietekr@amazon.co.uk');
insert into BlogUser (id, name, email) values (29, 'Alene', 'aechalies@craigslist.org');
insert into BlogUser (id, name, email) values (30, 'Karmen', 'kdominect@hao123.com');
insert into BlogUser (id, name, email) values (31, 'Meridith', 'mglencrosu@usnews.com');
insert into BlogUser (id, name, email) values (32, 'Carena', 'cchesserv@usgs.gov');
insert into BlogUser (id, name, email) values (33, 'Leanna', 'lpooleyw@reference.com');
insert into BlogUser (id, name, email) values (34, 'Zeke', 'zfurzex@imdb.com');
insert into BlogUser (id, name, email) values (35, 'Shannen', 'sgreesony@nsw.gov.au');
insert into BlogUser (id, name, email) values (36, 'Agatha', 'askelhornz@shutterfly.com');
insert into BlogUser (id, name, email) values (37, 'Jillana', 'jferenczy10@earthlink.net');
insert into BlogUser (id, name, email) values (38, 'Elysee', 'emacak11@yahoo.com');
insert into BlogUser (id, name, email) values (39, 'Kinny', 'ksandal12@pcworld.com');
insert into BlogUser (id, name, email) values (40, 'Teri', 'tsabatini13@aol.com');
insert into BlogUser (id, name, email) values (41, 'Muriel', 'mdericot14@pbs.org');
insert into BlogUser (id, name, email) values (42, 'Dotty', 'dschlag15@japanpost.jp');
insert into BlogUser (id, name, email) values (43, 'Ruben', 'rallsep16@booking.com');
insert into BlogUser (id, name, email) values (44, 'Vick', 'vkempton17@blog.com');
insert into BlogUser (id, name, email) values (45, 'Ardine', 'adowning18@jalbum.net');
insert into BlogUser (id, name, email) values (46, 'Obie', 'ofalkinder19@yellowpages.com');
insert into BlogUser (id, name, email) values (47, 'Alexandr', 'amilvarnie1a@dion.ne.jp');
insert into BlogUser (id, name, email) values (48, 'Timmie', 'tpollok1b@shareasale.com');
insert into BlogUser (id, name, email) values (49, 'Midge', 'mkarlicek1c@timesonline.co.uk');
insert into BlogUser (id, name, email) values (50, 'Mycah', 'mmckinley1d@blogspot.com');



insert into Post (id, user_id, title, text) values (1, 50, 'Artist, The', 'Proin risus. Praesent lectus. Vestibulum quam sapien, varius ut, blandit non, interdum in, ante. Vestibulum ante ipsum primis in faucibus orci luctus et ultrices posuere cubilia Curae; Duis faucibus accumsan odio. Curabitur convallis.');
insert into Post (id, user_id, title, text) values (2, 49, 'Legend of Sleepy Hollow, The', 'Duis mattis egestas metus. Aenean fermentum. Donec ut mauris eget massa tempor convallis. Nulla neque libero, convallis eget, eleifend luctus, ultricies eu, nibh. Quisque id justo sit amet sapien dignissim vestibulum. Vestibulum ante ipsum primis in faucibus orci luctus et ultrices posuere cubilia Curae; Nulla dapibus dolor vel est. Donec odio justo, sollicitudin ut, suscipit a, feugiat et, eros. Vestibulum ac est lacinia nisi venenatis tristique. Fusce congue, diam id ornare imperdiet, sapien urna pretium nisl, ut volutpat sapien arcu sed augue. Aliquam erat volutpat.');
insert into Post (id, user_id, title, text) values (3, 15, 'Devil Doll', 'Nunc nisl. Duis bibendum, felis sed interdum venenatis, turpis enim blandit mi, in porttitor pede justo eu massa. Donec dapibus. Duis at velit eu est congue elementum. In hac habitasse platea dictumst. Morbi vestibulum, velit id pretium iaculis, diam erat fermentum justo, nec condimentum neque sapien placerat ante. Nulla justo.');
insert into Post (id, user_id, title, text) values (4, 7, 'Flock of Dodos: The Evolution-Intelligent Design Circus', 'Quisque porta volutpat erat. Quisque erat eros, viverra eget, congue eget, semper rutrum, nulla. Nunc purus. Phasellus in felis. Donec semper sapien a libero.');
insert into Post (id, user_id, title, text) values (5, 12, 'Jew Süss (Jud Süß)', 'Vivamus tortor. Duis mattis egestas metus. Aenean fermentum. Donec ut mauris eget massa tempor convallis. Nulla neque libero, convallis eget, eleifend luctus, ultricies eu, nibh. Quisque id justo sit amet sapien dignissim vestibulum. Vestibulum ante ipsum primis in faucibus orci luctus et ultrices posuere cubilia Curae; Nulla dapibus dolor vel est. Donec odio justo, sollicitudin ut, suscipit a, feugiat et, eros.');
insert into Post (id, user_id, title, text) values (6, 7, 'Puppet Master 4', 'Phasellus sit amet erat. Nulla tempus.');
insert into Post (id, user_id, title, text) values (7, 3, 'Bent', 'Nullam porttitor lacus at turpis. Donec posuere metus vitae ipsum. Aliquam non mauris. Morbi non lectus. Aliquam sit amet diam in magna bibendum imperdiet. Nullam orci pede, venenatis non, sodales sed, tincidunt eu, felis.');
insert into Post (id, user_id, title, text) values (8, 17, 'From the Journals of Jean Seberg', 'Maecenas pulvinar lobortis est. Phasellus sit amet erat.');
insert into Post (id, user_id, title, text) values (9, 15, 'Summer of ''42', 'Aliquam erat volutpat. In congue. Etiam justo. Etiam pretium iaculis justo. In hac habitasse platea dictumst. Etiam faucibus cursus urna. Ut tellus. Nulla ut erat id mauris vulputate elementum.');
insert into Post (id, user_id, title, text) values (10, 35, 'Wonderland', 'Morbi non quam nec dui luctus rutrum. Nulla tellus.');
insert into Post (id, user_id, title, text) values (11, 33, 'God Save the King', 'Integer ac leo. Pellentesque ultrices mattis odio. Donec vitae nisi. Nam ultrices, libero non mattis pulvinar, nulla pede ullamcorper augue, a suscipit nulla elit ac nulla. Sed vel enim sit amet nunc viverra dapibus. Nulla suscipit ligula in lacus. Curabitur at ipsum ac tellus semper interdum. Mauris ullamcorper purus sit amet nulla.');
insert into Post (id, user_id, title, text) values (12, 2, 'Bloodstone: Subspecies II', 'Nam dui. Proin leo odio, porttitor id, consequat in, consequat ut, nulla. Sed accumsan felis. Ut at dolor quis odio consequat varius. Integer ac leo. Pellentesque ultrices mattis odio. Donec vitae nisi. Nam ultrices, libero non mattis pulvinar, nulla pede ullamcorper augue, a suscipit nulla elit ac nulla. Sed vel enim sit amet nunc viverra dapibus. Nulla suscipit ligula in lacus.');
insert into Post (id, user_id, title, text) values (13, 18, 'Date Night', 'Duis aliquam convallis nunc. Proin at turpis a pede posuere nonummy. Integer non velit.');
insert into Post (id, user_id, title, text) values (14, 25, 'Walking Tall Part II', 'Duis bibendum, felis sed interdum venenatis, turpis enim blandit mi, in porttitor pede justo eu massa. Donec dapibus. Duis at velit eu est congue elementum. In hac habitasse platea dictumst.');
insert into Post (id, user_id, title, text) values (15, 37, 'Challenge of the Masters (Liu A-Cai yu Huang Fei-Hong)', 'Vestibulum ante ipsum primis in faucibus orci luctus et ultrices posuere cubilia Curae; Nulla dapibus dolor vel est. Donec odio justo, sollicitudin ut, suscipit a, feugiat et, eros. Vestibulum ac est lacinia nisi venenatis tristique. Fusce congue, diam id ornare imperdiet, sapien urna pretium nisl, ut volutpat sapien arcu sed augue. Aliquam erat volutpat. In congue. Etiam justo. Etiam pretium iaculis justo. In hac habitasse platea dictumst. Etiam faucibus cursus urna.');
insert into Post (id, user_id, title, text) values (16, 43, 'Broken Lance', 'Donec posuere metus vitae ipsum. Aliquam non mauris. Morbi non lectus.');
insert into Post (id, user_id, title, text) values (17, 25, 'Three Ages', 'Aliquam non mauris. Morbi non lectus. Aliquam sit amet diam in magna bibendum imperdiet. Nullam orci pede, venenatis non, sodales sed, tincidunt eu, felis. Fusce posuere felis sed lacus. Morbi sem mauris, laoreet ut, rhoncus aliquet, pulvinar sed, nisl. Nunc rhoncus dui vel sem.');
insert into Post (id, user_id, title, text) values (18, 48, 'Goliyon Ki Raasleela Ram-Leela', 'Quisque id justo sit amet sapien dignissim vestibulum. Vestibulum ante ipsum primis in faucibus orci luctus et ultrices posuere cubilia Curae; Nulla dapibus dolor vel est. Donec odio justo, sollicitudin ut, suscipit a, feugiat et, eros. Vestibulum ac est lacinia nisi venenatis tristique. Fusce congue, diam id ornare imperdiet, sapien urna pretium nisl, ut volutpat sapien arcu sed augue. Aliquam erat volutpat. In congue. Etiam justo. Etiam pretium iaculis justo.');
insert into Post (id, user_id, title, text) values (19, 2, 'Children of Invention', 'Cum sociis natoque penatibus et magnis dis parturient montes, nascetur ridiculus mus. Vivamus vestibulum sagittis sapien. Cum sociis natoque penatibus et magnis dis parturient montes, nascetur ridiculus mus. Etiam vel augue. Vestibulum rutrum rutrum neque. Aenean auctor gravida sem. Praesent id massa id nisl venenatis lacinia. Aenean sit amet justo. Morbi ut odio. Cras mi pede, malesuada in, imperdiet et, commodo vulputate, justo.');
insert into Post (id, user_id, title, text) values (20, 42, 'Littlerock', 'Nulla neque libero, convallis eget, eleifend luctus, ultricies eu, nibh. Quisque id justo sit amet sapien dignissim vestibulum. Vestibulum ante ipsum primis in faucibus orci luctus et ultrices posuere cubilia Curae; Nulla dapibus dolor vel est. Donec odio justo, sollicitudin ut, suscipit a, feugiat et, eros. Vestibulum ac est lacinia nisi venenatis tristique. Fusce congue, diam id ornare imperdiet, sapien urna pretium nisl, ut volutpat sapien arcu sed augue.');
insert into Post (id, user_id, title, text) values (21, 30, 'These Final Hours', 'Morbi sem mauris, laoreet ut, rhoncus aliquet, pulvinar sed, nisl. Nunc rhoncus dui vel sem. Sed sagittis. Nam congue, risus semper porta volutpat, quam pede lobortis ligula, sit amet eleifend pede libero quis orci. Nullam molestie nibh in lectus.');
insert into Post (id, user_id, title, text) values (22, 37, 'Odds, The', 'Aliquam augue quam, sollicitudin vitae, consectetuer eget, rutrum at, lorem. Integer tincidunt ante vel ipsum. Praesent blandit lacinia erat. Vestibulum sed magna at nunc commodo placerat. Praesent blandit. Nam nulla. Integer pede justo, lacinia eget, tincidunt eget, tempus vel, pede. Morbi porttitor lorem id ligula. Suspendisse ornare consequat lectus. In est risus, auctor sed, tristique in, tempus sit amet, sem.');
insert into Post (id, user_id, title, text) values (23, 28, 'Rocket Science', 'Cras pellentesque volutpat dui. Maecenas tristique, est et tempus semper, est quam pharetra magna, ac consequat metus sapien ut nunc. Vestibulum ante ipsum primis in faucibus orci luctus et ultrices posuere cubilia Curae; Mauris viverra diam vitae quam. Suspendisse potenti. Nullam porttitor lacus at turpis.');
insert into Post (id, user_id, title, text) values (24, 4, 'Black Water', 'Cras non velit nec nisi vulputate nonummy. Maecenas tincidunt lacus at velit. Vivamus vel nulla eget eros elementum pellentesque. Quisque porta volutpat erat. Quisque erat eros, viverra eget, congue eget, semper rutrum, nulla. Nunc purus. Phasellus in felis. Donec semper sapien a libero. Nam dui. Proin leo odio, porttitor id, consequat in, consequat ut, nulla.');
insert into Post (id, user_id, title, text) values (25, 5, 'Riverworld', 'Ut tellus. Nulla ut erat id mauris vulputate elementum. Nullam varius.');
insert into Post (id, user_id, title, text) values (26, 48, 'Attack, The', 'Aenean sit amet justo. Morbi ut odio. Cras mi pede, malesuada in, imperdiet et, commodo vulputate, justo. In blandit ultrices enim.');
insert into Post (id, user_id, title, text) values (27, 50, 'Alone for Christmas', 'Vivamus in felis eu sapien cursus vestibulum. Proin eu mi. Nulla ac enim. In tempor, turpis nec euismod scelerisque, quam turpis adipiscing lorem, vitae mattis nibh ligula nec sem. Duis aliquam convallis nunc. Proin at turpis a pede posuere nonummy. Integer non velit. Donec diam neque, vestibulum eget, vulputate ut, ultrices vel, augue. Vestibulum ante ipsum primis in faucibus orci luctus et ultrices posuere cubilia Curae; Donec pharetra, magna vestibulum aliquet ultrices, erat tortor sollicitudin mi, sit amet lobortis sapien sapien non mi.');
insert into Post (id, user_id, title, text) values (28, 7, 'Dumb and Dumber To', 'Proin eu mi. Nulla ac enim. In tempor, turpis nec euismod scelerisque, quam turpis adipiscing lorem, vitae mattis nibh ligula nec sem. Duis aliquam convallis nunc. Proin at turpis a pede posuere nonummy. Integer non velit. Donec diam neque, vestibulum eget, vulputate ut, ultrices vel, augue. Vestibulum ante ipsum primis in faucibus orci luctus et ultrices posuere cubilia Curae; Donec pharetra, magna vestibulum aliquet ultrices, erat tortor sollicitudin mi, sit amet lobortis sapien sapien non mi.');
insert into Post (id, user_id, title, text) values (29, 43, 'Night Train', 'Nullam molestie nibh in lectus. Pellentesque at nulla.');
insert into Post (id, user_id, title, text) values (30, 33, 'First Position', 'Mauris enim leo, rhoncus sed, vestibulum sit amet, cursus id, turpis. Integer aliquet, massa id lobortis convallis, tortor risus dapibus augue, vel accumsan tellus nisi eu orci. Mauris lacinia sapien quis libero. Nullam sit amet turpis elementum ligula vehicula consequat.');
insert into Post (id, user_id, title, text) values (31, 15, 'Bride Came C.O.D., The', 'Fusce congue, diam id ornare imperdiet, sapien urna pretium nisl, ut volutpat sapien arcu sed augue. Aliquam erat volutpat. In congue. Etiam justo. Etiam pretium iaculis justo. In hac habitasse platea dictumst. Etiam faucibus cursus urna. Ut tellus. Nulla ut erat id mauris vulputate elementum.');
insert into Post (id, user_id, title, text) values (32, 34, 'My Brother Tom', 'Vivamus in felis eu sapien cursus vestibulum. Proin eu mi. Nulla ac enim. In tempor, turpis nec euismod scelerisque, quam turpis adipiscing lorem, vitae mattis nibh ligula nec sem. Duis aliquam convallis nunc. Proin at turpis a pede posuere nonummy. Integer non velit. Donec diam neque, vestibulum eget, vulputate ut, ultrices vel, augue. Vestibulum ante ipsum primis in faucibus orci luctus et ultrices posuere cubilia Curae; Donec pharetra, magna vestibulum aliquet ultrices, erat tortor sollicitudin mi, sit amet lobortis sapien sapien non mi.');
insert into Post (id, user_id, title, text) values (33, 1, 'Beast of War, The (Beast, The)', 'Cum sociis natoque penatibus et magnis dis parturient montes, nascetur ridiculus mus. Vivamus vestibulum sagittis sapien. Cum sociis natoque penatibus et magnis dis parturient montes, nascetur ridiculus mus. Etiam vel augue. Vestibulum rutrum rutrum neque. Aenean auctor gravida sem.');
insert into Post (id, user_id, title, text) values (34, 14, 'Abyss, The', 'Donec posuere metus vitae ipsum. Aliquam non mauris. Morbi non lectus. Aliquam sit amet diam in magna bibendum imperdiet. Nullam orci pede, venenatis non, sodales sed, tincidunt eu, felis. Fusce posuere felis sed lacus. Morbi sem mauris, laoreet ut, rhoncus aliquet, pulvinar sed, nisl. Nunc rhoncus dui vel sem. Sed sagittis. Nam congue, risus semper porta volutpat, quam pede lobortis ligula, sit amet eleifend pede libero quis orci.');
insert into Post (id, user_id, title, text) values (35, 45, 'True Crime', 'Duis aliquam convallis nunc. Proin at turpis a pede posuere nonummy. Integer non velit. Donec diam neque, vestibulum eget, vulputate ut, ultrices vel, augue. Vestibulum ante ipsum primis in faucibus orci luctus et ultrices posuere cubilia Curae; Donec pharetra, magna vestibulum aliquet ultrices, erat tortor sollicitudin mi, sit amet lobortis sapien sapien non mi. Integer ac neque. Duis bibendum. Morbi non quam nec dui luctus rutrum. Nulla tellus.');
insert into Post (id, user_id, title, text) values (36, 20, 'Joe Gould''s Secret', 'Pellentesque viverra pede ac diam. Cras pellentesque volutpat dui. Maecenas tristique, est et tempus semper, est quam pharetra magna, ac consequat metus sapien ut nunc. Vestibulum ante ipsum primis in faucibus orci luctus et ultrices posuere cubilia Curae; Mauris viverra diam vitae quam. Suspendisse potenti. Nullam porttitor lacus at turpis. Donec posuere metus vitae ipsum. Aliquam non mauris. Morbi non lectus. Aliquam sit amet diam in magna bibendum imperdiet.');
insert into Post (id, user_id, title, text) values (37, 43, 'America the Beautiful ', 'In eleifend quam a odio. In hac habitasse platea dictumst. Maecenas ut massa quis augue luctus tincidunt. Nulla mollis molestie lorem. Quisque ut erat. Curabitur gravida nisi at nibh. In hac habitasse platea dictumst. Aliquam augue quam, sollicitudin vitae, consectetuer eget, rutrum at, lorem. Integer tincidunt ante vel ipsum. Praesent blandit lacinia erat.');
insert into Post (id, user_id, title, text) values (38, 33, 'Streetcar Named Desire, A', 'Nulla tellus. In sagittis dui vel nisl. Duis ac nibh. Fusce lacus purus, aliquet at, feugiat non, pretium quis, lectus. Suspendisse potenti.');
insert into Post (id, user_id, title, text) values (39, 23, 'Life in Flight ', 'Praesent blandit lacinia erat. Vestibulum sed magna at nunc commodo placerat. Praesent blandit. Nam nulla. Integer pede justo, lacinia eget, tincidunt eget, tempus vel, pede. Morbi porttitor lorem id ligula. Suspendisse ornare consequat lectus. In est risus, auctor sed, tristique in, tempus sit amet, sem.');
insert into Post (id, user_id, title, text) values (40, 15, 'Prisoner of Paradise', 'Duis consequat dui nec nisi volutpat eleifend. Donec ut dolor. Morbi vel lectus in quam fringilla rhoncus. Mauris enim leo, rhoncus sed, vestibulum sit amet, cursus id, turpis. Integer aliquet, massa id lobortis convallis, tortor risus dapibus augue, vel accumsan tellus nisi eu orci. Mauris lacinia sapien quis libero. Nullam sit amet turpis elementum ligula vehicula consequat. Morbi a ipsum. Integer a nibh. In quis justo.');
insert into Post (id, user_id, title, text) values (41, 50, 'Way Back, The', 'Nulla facilisi. Cras non velit nec nisi vulputate nonummy. Maecenas tincidunt lacus at velit. Vivamus vel nulla eget eros elementum pellentesque. Quisque porta volutpat erat. Quisque erat eros, viverra eget, congue eget, semper rutrum, nulla. Nunc purus. Phasellus in felis. Donec semper sapien a libero. Nam dui.');
insert into Post (id, user_id, title, text) values (42, 13, 'Letters to Father Jacob (Postia pappi Jaakobille)', 'Donec diam neque, vestibulum eget, vulputate ut, ultrices vel, augue. Vestibulum ante ipsum primis in faucibus orci luctus et ultrices posuere cubilia Curae; Donec pharetra, magna vestibulum aliquet ultrices, erat tortor sollicitudin mi, sit amet lobortis sapien sapien non mi. Integer ac neque. Duis bibendum. Morbi non quam nec dui luctus rutrum. Nulla tellus. In sagittis dui vel nisl. Duis ac nibh.');
insert into Post (id, user_id, title, text) values (43, 5, 'Rurouni Kenshin (Rurôni Kenshin: Meiji kenkaku roman tan)', 'Praesent id massa id nisl venenatis lacinia. Aenean sit amet justo. Morbi ut odio. Cras mi pede, malesuada in, imperdiet et, commodo vulputate, justo. In blandit ultrices enim. Lorem ipsum dolor sit amet, consectetuer adipiscing elit. Proin interdum mauris non ligula pellentesque ultrices.');
insert into Post (id, user_id, title, text) values (44, 1, 'Alice in Wonderland', 'Aenean auctor gravida sem. Praesent id massa id nisl venenatis lacinia.');
insert into Post (id, user_id, title, text) values (45, 23, 'Angry Red Planet, The', 'Aliquam quis turpis eget elit sodales scelerisque. Mauris sit amet eros. Suspendisse accumsan tortor quis turpis. Sed ante. Vivamus tortor.');
insert into Post (id, user_id, title, text) values (46, 34, 'Seventh Veil, The', 'Suspendisse potenti.');
insert into Post (id, user_id, title, text) values (47, 48, 'Rampage', 'Nulla ut erat id mauris vulputate elementum. Nullam varius. Nulla facilisi.');
insert into Post (id, user_id, title, text) values (48, 43, 'Cecil B. DeMented', 'Sed vel enim sit amet nunc viverra dapibus. Nulla suscipit ligula in lacus. Curabitur at ipsum ac tellus semper interdum. Mauris ullamcorper purus sit amet nulla.');
insert into Post (id, user_id, title, text) values (49, 37, 'Ghosts of the Abyss', 'In congue. Etiam justo. Etiam pretium iaculis justo. In hac habitasse platea dictumst. Etiam faucibus cursus urna.');
insert into Post (id, user_id, title, text) values (50, 7, 'River, The', 'Phasellus in felis. Donec semper sapien a libero.');
insert into Post (id, user_id, title, text) values (51, 29, 'Spider Baby or, The Maddest Story Ever Told (Spider Baby)', 'Aenean sit amet justo. Morbi ut odio.');
insert into Post (id, user_id, title, text) values (52, 39, '6954 Kilometriä Kotiin', 'Nulla nisl. Nunc nisl. Duis bibendum, felis sed interdum venenatis, turpis enim blandit mi, in porttitor pede justo eu massa. Donec dapibus. Duis at velit eu est congue elementum. In hac habitasse platea dictumst. Morbi vestibulum, velit id pretium iaculis, diam erat fermentum justo, nec condimentum neque sapien placerat ante. Nulla justo.');
insert into Post (id, user_id, title, text) values (53, 2, 'Secret Things (Choses secrètes)', 'Lorem ipsum dolor sit amet, consectetuer adipiscing elit. Proin interdum mauris non ligula pellentesque ultrices.');
insert into Post (id, user_id, title, text) values (54, 3, 'Hamlet', 'Fusce consequat. Nulla nisl. Nunc nisl. Duis bibendum, felis sed interdum venenatis, turpis enim blandit mi, in porttitor pede justo eu massa. Donec dapibus. Duis at velit eu est congue elementum. In hac habitasse platea dictumst.');
insert into Post (id, user_id, title, text) values (55, 7, 'Contagion / Bio Slime', 'Quisque erat eros, viverra eget, congue eget, semper rutrum, nulla. Nunc purus. Phasellus in felis. Donec semper sapien a libero. Nam dui. Proin leo odio, porttitor id, consequat in, consequat ut, nulla. Sed accumsan felis.');
insert into Post (id, user_id, title, text) values (56, 14, 'Dangerous', 'Morbi quis tortor id nulla ultrices aliquet. Maecenas leo odio, condimentum id, luctus nec, molestie sed, justo. Pellentesque viverra pede ac diam.');
insert into Post (id, user_id, title, text) values (57, 35, 'The Vanishing American', 'Praesent lectus.');
insert into Post (id, user_id, title, text) values (58, 11, 'Creeping Flesh, The', 'Aliquam non mauris. Morbi non lectus. Aliquam sit amet diam in magna bibendum imperdiet.');
insert into Post (id, user_id, title, text) values (59, 38, 'Face of a Fugitive', 'Suspendisse ornare consequat lectus. In est risus, auctor sed, tristique in, tempus sit amet, sem. Fusce consequat. Nulla nisl. Nunc nisl. Duis bibendum, felis sed interdum venenatis, turpis enim blandit mi, in porttitor pede justo eu massa. Donec dapibus. Duis at velit eu est congue elementum. In hac habitasse platea dictumst. Morbi vestibulum, velit id pretium iaculis, diam erat fermentum justo, nec condimentum neque sapien placerat ante.');
insert into Post (id, user_id, title, text) values (60, 1, 'Man Who Saw Tomorrow, The', 'Lorem ipsum dolor sit amet, consectetuer adipiscing elit. Proin risus. Praesent lectus. Vestibulum quam sapien, varius ut, blandit non, interdum in, ante. Vestibulum ante ipsum primis in faucibus orci luctus et ultrices posuere cubilia Curae; Duis faucibus accumsan odio. Curabitur convallis. Duis consequat dui nec nisi volutpat eleifend. Donec ut dolor. Morbi vel lectus in quam fringilla rhoncus. Mauris enim leo, rhoncus sed, vestibulum sit amet, cursus id, turpis.');
insert into Post (id, user_id, title, text) values (61, 14, 'Shoot on Sight', 'Pellentesque eget nunc. Donec quis orci eget orci vehicula condimentum. Curabitur in libero ut massa volutpat convallis. Morbi odio odio, elementum eu, interdum eu, tincidunt in, leo. Maecenas pulvinar lobortis est. Phasellus sit amet erat.');
insert into Post (id, user_id, title, text) values (62, 41, 'Exodus (Cheut ai kup gei)', 'Proin leo odio, porttitor id, consequat in, consequat ut, nulla. Sed accumsan felis.');
insert into Post (id, user_id, title, text) values (63, 48, 'H-Man, The (Bijo to Ekitainingen)', 'Etiam vel augue. Vestibulum rutrum rutrum neque. Aenean auctor gravida sem. Praesent id massa id nisl venenatis lacinia. Aenean sit amet justo.');
insert into Post (id, user_id, title, text) values (64, 40, 'This Is My Father', 'Vestibulum ante ipsum primis in faucibus orci luctus et ultrices posuere cubilia Curae; Donec pharetra, magna vestibulum aliquet ultrices, erat tortor sollicitudin mi, sit amet lobortis sapien sapien non mi. Integer ac neque. Duis bibendum. Morbi non quam nec dui luctus rutrum. Nulla tellus.');
insert into Post (id, user_id, title, text) values (65, 46, 'Hunchback of Notre Dame, The', 'Nulla justo. Aliquam quis turpis eget elit sodales scelerisque. Mauris sit amet eros. Suspendisse accumsan tortor quis turpis. Sed ante. Vivamus tortor.');
insert into Post (id, user_id, title, text) values (66, 48, 'Blonde and Blonder', 'Quisque ut erat. Curabitur gravida nisi at nibh.');
insert into Post (id, user_id, title, text) values (67, 31, 'Last Witness, The', 'Aenean lectus. Pellentesque eget nunc. Donec quis orci eget orci vehicula condimentum. Curabitur in libero ut massa volutpat convallis. Morbi odio odio, elementum eu, interdum eu, tincidunt in, leo. Maecenas pulvinar lobortis est. Phasellus sit amet erat. Nulla tempus. Vivamus in felis eu sapien cursus vestibulum.');
insert into Post (id, user_id, title, text) values (68, 11, 'Escape from Planet Earth', 'Nullam molestie nibh in lectus. Pellentesque at nulla. Suspendisse potenti. Cras in purus eu magna vulputate luctus.');
insert into Post (id, user_id, title, text) values (69, 3, 'Man and a Woman, A (Un homme et une femme)', 'Phasellus sit amet erat. Nulla tempus. Vivamus in felis eu sapien cursus vestibulum. Proin eu mi. Nulla ac enim. In tempor, turpis nec euismod scelerisque, quam turpis adipiscing lorem, vitae mattis nibh ligula nec sem. Duis aliquam convallis nunc. Proin at turpis a pede posuere nonummy. Integer non velit. Donec diam neque, vestibulum eget, vulputate ut, ultrices vel, augue.');
insert into Post (id, user_id, title, text) values (70, 39, 'Black Narcissus', 'Cras mi pede, malesuada in, imperdiet et, commodo vulputate, justo. In blandit ultrices enim. Lorem ipsum dolor sit amet, consectetuer adipiscing elit. Proin interdum mauris non ligula pellentesque ultrices. Phasellus id sapien in sapien iaculis congue. Vivamus metus arcu, adipiscing molestie, hendrerit at, vulputate vitae, nisl. Aenean lectus. Pellentesque eget nunc. Donec quis orci eget orci vehicula condimentum.');
insert into Post (id, user_id, title, text) values (71, 27, '39 Steps, The', 'Etiam vel augue. Vestibulum rutrum rutrum neque. Aenean auctor gravida sem. Praesent id massa id nisl venenatis lacinia.');
insert into Post (id, user_id, title, text) values (72, 27, 'Arrival, The', 'Proin interdum mauris non ligula pellentesque ultrices. Phasellus id sapien in sapien iaculis congue. Vivamus metus arcu, adipiscing molestie, hendrerit at, vulputate vitae, nisl. Aenean lectus.');
insert into Post (id, user_id, title, text) values (73, 47, 'Into the Middle of Nowhere', 'Morbi odio odio, elementum eu, interdum eu, tincidunt in, leo. Maecenas pulvinar lobortis est. Phasellus sit amet erat. Nulla tempus.');
insert into Post (id, user_id, title, text) values (74, 2, 'Three Kings', 'Quisque id justo sit amet sapien dignissim vestibulum.');
insert into Post (id, user_id, title, text) values (75, 2, 'Woman in Black, The', 'Donec diam neque, vestibulum eget, vulputate ut, ultrices vel, augue. Vestibulum ante ipsum primis in faucibus orci luctus et ultrices posuere cubilia Curae; Donec pharetra, magna vestibulum aliquet ultrices, erat tortor sollicitudin mi, sit amet lobortis sapien sapien non mi. Integer ac neque. Duis bibendum. Morbi non quam nec dui luctus rutrum. Nulla tellus. In sagittis dui vel nisl.');
insert into Post (id, user_id, title, text) values (76, 8, 'Redemption of General Butt Naked, The', 'Mauris enim leo, rhoncus sed, vestibulum sit amet, cursus id, turpis. Integer aliquet, massa id lobortis convallis, tortor risus dapibus augue, vel accumsan tellus nisi eu orci. Mauris lacinia sapien quis libero. Nullam sit amet turpis elementum ligula vehicula consequat. Morbi a ipsum.');
insert into Post (id, user_id, title, text) values (77, 16, 'Root of All Evil?', 'Nam ultrices, libero non mattis pulvinar, nulla pede ullamcorper augue, a suscipit nulla elit ac nulla. Sed vel enim sit amet nunc viverra dapibus. Nulla suscipit ligula in lacus. Curabitur at ipsum ac tellus semper interdum. Mauris ullamcorper purus sit amet nulla. Quisque arcu libero, rutrum ac, lobortis vel, dapibus at, diam.');
insert into Post (id, user_id, title, text) values (78, 48, 'Tree, The', 'Maecenas leo odio, condimentum id, luctus nec, molestie sed, justo.');
insert into Post (id, user_id, title, text) values (79, 19, 'Living Dead Girl, The (Morte Vivante, La)', 'Sed sagittis. Nam congue, risus semper porta volutpat, quam pede lobortis ligula, sit amet eleifend pede libero quis orci. Nullam molestie nibh in lectus. Pellentesque at nulla. Suspendisse potenti. Cras in purus eu magna vulputate luctus. Cum sociis natoque penatibus et magnis dis parturient montes, nascetur ridiculus mus.');
insert into Post (id, user_id, title, text) values (80, 39, 'Ghostmaker, The (Box of Shadows)', 'Integer pede justo, lacinia eget, tincidunt eget, tempus vel, pede. Morbi porttitor lorem id ligula.');
insert into Post (id, user_id, title, text) values (81, 31, 'Juwanna Mann', 'Sed accumsan felis. Ut at dolor quis odio consequat varius. Integer ac leo. Pellentesque ultrices mattis odio. Donec vitae nisi. Nam ultrices, libero non mattis pulvinar, nulla pede ullamcorper augue, a suscipit nulla elit ac nulla.');
insert into Post (id, user_id, title, text) values (82, 24, 'Attila Marcel', 'Duis bibendum, felis sed interdum venenatis, turpis enim blandit mi, in porttitor pede justo eu massa. Donec dapibus.');
insert into Post (id, user_id, title, text) values (83, 49, 'Meteor', 'Sed accumsan felis. Ut at dolor quis odio consequat varius. Integer ac leo. Pellentesque ultrices mattis odio. Donec vitae nisi. Nam ultrices, libero non mattis pulvinar, nulla pede ullamcorper augue, a suscipit nulla elit ac nulla.');
insert into Post (id, user_id, title, text) values (84, 32, 'Iron Mask, The', 'Mauris enim leo, rhoncus sed, vestibulum sit amet, cursus id, turpis. Integer aliquet, massa id lobortis convallis, tortor risus dapibus augue, vel accumsan tellus nisi eu orci. Mauris lacinia sapien quis libero.');
insert into Post (id, user_id, title, text) values (85, 33, 'Lifted', 'Morbi vel lectus in quam fringilla rhoncus. Mauris enim leo, rhoncus sed, vestibulum sit amet, cursus id, turpis. Integer aliquet, massa id lobortis convallis, tortor risus dapibus augue, vel accumsan tellus nisi eu orci. Mauris lacinia sapien quis libero. Nullam sit amet turpis elementum ligula vehicula consequat. Morbi a ipsum. Integer a nibh. In quis justo.');
insert into Post (id, user_id, title, text) values (86, 6, 'Melbourne', 'Vestibulum rutrum rutrum neque. Aenean auctor gravida sem. Praesent id massa id nisl venenatis lacinia. Aenean sit amet justo. Morbi ut odio. Cras mi pede, malesuada in, imperdiet et, commodo vulputate, justo. In blandit ultrices enim. Lorem ipsum dolor sit amet, consectetuer adipiscing elit. Proin interdum mauris non ligula pellentesque ultrices. Phasellus id sapien in sapien iaculis congue.');
insert into Post (id, user_id, title, text) values (87, 21, 'Aftermath', 'Suspendisse potenti. Nullam porttitor lacus at turpis. Donec posuere metus vitae ipsum. Aliquam non mauris.');
insert into Post (id, user_id, title, text) values (88, 12, 'Under the Cherry Moon', 'Nulla ac enim.');
insert into Post (id, user_id, title, text) values (89, 21, 'Brothers, The', 'Nulla mollis molestie lorem. Quisque ut erat. Curabitur gravida nisi at nibh. In hac habitasse platea dictumst. Aliquam augue quam, sollicitudin vitae, consectetuer eget, rutrum at, lorem. Integer tincidunt ante vel ipsum. Praesent blandit lacinia erat.');
insert into Post (id, user_id, title, text) values (90, 36, 'Predators', 'Nullam varius. Nulla facilisi.');
insert into Post (id, user_id, title, text) values (91, 39, 'They Died with Their Boots On', 'Etiam vel augue. Vestibulum rutrum rutrum neque. Aenean auctor gravida sem. Praesent id massa id nisl venenatis lacinia. Aenean sit amet justo. Morbi ut odio. Cras mi pede, malesuada in, imperdiet et, commodo vulputate, justo. In blandit ultrices enim. Lorem ipsum dolor sit amet, consectetuer adipiscing elit. Proin interdum mauris non ligula pellentesque ultrices.');
insert into Post (id, user_id, title, text) values (92, 25, 'Inside The X-files', 'Nulla ac enim.');
insert into Post (id, user_id, title, text) values (93, 16, 'Film Unfinished, A (Shtikat Haarchion)', 'Vivamus in felis eu sapien cursus vestibulum. Proin eu mi. Nulla ac enim. In tempor, turpis nec euismod scelerisque, quam turpis adipiscing lorem, vitae mattis nibh ligula nec sem. Duis aliquam convallis nunc. Proin at turpis a pede posuere nonummy.');
insert into Post (id, user_id, title, text) values (94, 11, 'Parineeta', 'Quisque ut erat. Curabitur gravida nisi at nibh. In hac habitasse platea dictumst.');
insert into Post (id, user_id, title, text) values (95, 7, 'Animatrix, The', 'Proin leo odio, porttitor id, consequat in, consequat ut, nulla.');
insert into Post (id, user_id, title, text) values (96, 12, 'Oxford Blues', 'Donec quis orci eget orci vehicula condimentum. Curabitur in libero ut massa volutpat convallis. Morbi odio odio, elementum eu, interdum eu, tincidunt in, leo. Maecenas pulvinar lobortis est. Phasellus sit amet erat. Nulla tempus. Vivamus in felis eu sapien cursus vestibulum. Proin eu mi. Nulla ac enim. In tempor, turpis nec euismod scelerisque, quam turpis adipiscing lorem, vitae mattis nibh ligula nec sem.');
insert into Post (id, user_id, title, text) values (97, 44, 'Whistling in the Dark', 'Phasellus in felis. Donec semper sapien a libero. Nam dui.');
insert into Post (id, user_id, title, text) values (98, 44, 'Hound of the Baskervilles, The', 'Sed vel enim sit amet nunc viverra dapibus. Nulla suscipit ligula in lacus. Curabitur at ipsum ac tellus semper interdum. Mauris ullamcorper purus sit amet nulla. Quisque arcu libero, rutrum ac, lobortis vel, dapibus at, diam. Nam tristique tortor eu pede.');
insert into Post (id, user_id, title, text) values (99, 15, 'Command Performance', 'Integer aliquet, massa id lobortis convallis, tortor risus dapibus augue, vel accumsan tellus nisi eu orci. Mauris lacinia sapien quis libero. Nullam sit amet turpis elementum ligula vehicula consequat.');
insert into Post (id, user_id, title, text) values (100, 7, 'Polyester', 'Nulla ac enim. In tempor, turpis nec euismod scelerisque, quam turpis adipiscing lorem, vitae mattis nibh ligula nec sem. Duis aliquam convallis nunc. Proin at turpis a pede posuere nonummy. Integer non velit.');



insert into Comment (id, user_id, text, post_id, parent_comment_id) values (1, 1, 'Expanded coherent strategy', 17, null);
insert into Comment (id, user_id, text, post_id, parent_comment_id) values (2, 2, 'Quality-focused radical hub', null, 1);
insert into Comment (id, user_id, text, post_id, parent_comment_id) values (3, 3, 'Exclusive content-based utilisation', 14, null);
insert into Comment (id, user_id, text, post_id, parent_comment_id) values (4, 4, 'Self-enabling global capacity', null, 3);
insert into Comment (id, user_id, text, post_id, parent_comment_id) values (5, 5, 'Front-line bottom-line framework', 44, null);
insert into Comment (id, user_id, text, post_id, parent_comment_id) values (6, 6, 'Customizable local encoding', 30, null);
insert into Comment (id, user_id, text, post_id, parent_comment_id) values (7, 7, 'Total discrete standardization', null, 6);
insert into Comment (id, user_id, text, post_id, parent_comment_id) values (8, 8, 'Customer-focused multimedia alliance', null, 2);
insert into Comment (id, user_id, text, post_id, parent_comment_id) values (9, 9, 'Integrated cohesive strategy', 5, null);
insert into Comment (id, user_id, text, post_id, parent_comment_id) values (10, 1, 'Enhanced bandwidth-monitored hub', null, 2);
insert into Comment (id, user_id, text, post_id, parent_comment_id) values (11, 2, 'Programmable heuristic productivity', 47, null);
insert into Comment (id, user_id, text, post_id, parent_comment_id) values (12, 3, 'Synergistic directional benchmark', 59, null);
insert into Comment (id, user_id, text, post_id, parent_comment_id) values (13, 4, 'Multi-lateral regional info-mediaries', 62, null);
insert into Comment (id, user_id, text, post_id, parent_comment_id) values (14, 5, 'Self-enabling client-driven parallelism', 94, null);
insert into Comment (id, user_id, text, post_id, parent_comment_id) values (15, 6, 'Pre-emptive solution-oriented database', 75, null);
insert into Comment (id, user_id, text, post_id, parent_comment_id) values (16, 7, 'Down-sized zero defect infrastructure', 4, null);
insert into Comment (id, user_id, text, post_id, parent_comment_id) values (17, 8, 'Centralized disintermediate emulation', 31, null);
insert into Comment (id, user_id, text, post_id, parent_comment_id) values (18, 9, 'Face to face modular alliance', 80, null);
insert into Comment (id, user_id, text, post_id, parent_comment_id) values (19, 1, 'Compatible bottom-line encryption', 75, null);
insert into Comment (id, user_id, text, post_id, parent_comment_id) values (20, 2, 'Realigned client-driven strategy', 74, null);
insert into Comment (id, user_id, text, post_id, parent_comment_id) values (21, 3, 'Down-sized needs-based matrix', 46, null);
insert into Comment (id, user_id, text, post_id, parent_comment_id) values (22, 4, 'Vision-oriented fault-tolerant protocol', 2, null);
insert into Comment (id, user_id, text, post_id, parent_comment_id) values (23, 5, 'Future-proofed motivating info-mediaries', 45, null);
insert into Comment (id, user_id, text, post_id, parent_comment_id) values (24, 6, 'Customer-focused bi-directional conglomeration', 50, null);
insert into Comment (id, user_id, text, post_id, parent_comment_id) values (25, 7, 'Front-line incremental local area network', null, 19);
insert into Comment (id, user_id, text, post_id, parent_comment_id) values (26, 8, 'Face to face demand-driven internet solution', null, 19);
insert into Comment (id, user_id, text, post_id, parent_comment_id) values (27, 9, 'Cross-group user-facing structure', 17, null);
insert into Comment (id, user_id, text, post_id, parent_comment_id) values (28, 1, 'Team-oriented composite success', 9, null);
insert into Comment (id, user_id, text, post_id, parent_comment_id) values (29, 2, 'Organized systemic portal', 67, null);
insert into Comment (id, user_id, text, post_id, parent_comment_id) values (30, 3, 'Upgradable discrete throughput', 28, null);
insert into Comment (id, user_id, text, post_id, parent_comment_id) values (31, 4, 'Integrated zero administration leverage', 52, null);
insert into Comment (id, user_id, text, post_id, parent_comment_id) values (32, 5, 'Focused systematic project', 43, null);
insert into Comment (id, user_id, text, post_id, parent_comment_id) values (33, 6, 'Cross-platform solution-oriented local area network', 81, null);
insert into Comment (id, user_id, text, post_id, parent_comment_id) values (34, 7, 'Innovative upward-trending benchmark', null, 33);
insert into Comment (id, user_id, text, post_id, parent_comment_id) values (35, 8, 'Programmable maximized moratorium', 8, null);
insert into Comment (id, user_id, text, post_id, parent_comment_id) values (36, 9, 'Synergized 5th generation infrastructure', 2, null);
insert into Comment (id, user_id, text, post_id, parent_comment_id) values (37, 1, 'Open-source background emulation', null, 35);
insert into Comment (id, user_id, text, post_id, parent_comment_id) values (38, 2, 'Streamlined zero tolerance Graphic Interface', 2, null);
insert into Comment (id, user_id, text, post_id, parent_comment_id) values (39, 3, 'Cross-group composite software', 100, null);
insert into Comment (id, user_id, text, post_id, parent_comment_id) values (40, 4, 'Polarised logistical middleware', 38, null);
insert into Comment (id, user_id, text, post_id, parent_comment_id) values (41, 5, 'De-engineered even-keeled benchmark', 37, null);
insert into Comment (id, user_id, text, post_id, parent_comment_id) values (42, 6, 'Realigned didactic attitude', 70, null);
insert into Comment (id, user_id, text, post_id, parent_comment_id) values (43, 7, 'Proactive 3rd generation solution', 37, null);
insert into Comment (id, user_id, text, post_id, parent_comment_id) values (44, 8, 'Triple-buffered background architecture', 47, null);
insert into Comment (id, user_id, text, post_id, parent_comment_id) values (45, 9, 'Advanced national throughput', 71, null);
insert into Comment (id, user_id, text, post_id, parent_comment_id) values (46, 1, 'Horizontal motivating superstructure', 29, null);
insert into Comment (id, user_id, text, post_id, parent_comment_id) values (47, 2, 'Inverse responsive extranet', null, 44);
insert into Comment (id, user_id, text, post_id, parent_comment_id) values (48, 2, 'Down-sized leading edge core', 29, null);
insert into Comment (id, user_id, text, post_id, parent_comment_id) values (49, 2, 'Operative tangible attitude', 52, null);
insert into Comment (id, user_id, text, post_id, parent_comment_id) values (50, 2, 'Face to face optimizing encryption', null, 42);
insert into Comment (id, user_id, text, post_id, parent_comment_id) values (51, 2, 'Upgradable human-resource framework', 40, null);
insert into Comment (id, user_id, text, post_id, parent_comment_id) values (52, 2, 'Business-focused motivating help-desk', 28, null);
insert into Comment (id, user_id, text, post_id, parent_comment_id) values (53, 2, 'Managed responsive data-warehouse', null, 50);
insert into Comment (id, user_id, text, post_id, parent_comment_id) values (54, 2, 'Centralized bi-directional analyzer', 14, null);
insert into Comment (id, user_id, text, post_id, parent_comment_id) values (55, 2, 'User-centric discrete monitoring', 48, null);
insert into Comment (id, user_id, text, post_id, parent_comment_id) values (56, 2, 'Synergized even-keeled matrix', null, 45);
insert into Comment (id, user_id, text, post_id, parent_comment_id) values (57, 2, 'Ergonomic encompassing concept', null, 45);
insert into Comment (id, user_id, text, post_id, parent_comment_id) values (58, 44, 'Multi-channelled client-driven extranet', 79, null);
insert into Comment (id, user_id, text, post_id, parent_comment_id) values (59, 44, 'Secured uniform ability', 5, null);
insert into Comment (id, user_id, text, post_id, parent_comment_id) values (60, 44, 'Right-sized national leverage', null, 2);
insert into Comment (id, user_id, text, post_id, parent_comment_id) values (61, 44, 'Pre-emptive context-sensitive moratorium', 54, null);
insert into Comment (id, user_id, text, post_id, parent_comment_id) values (62, 34, 'Innovative bottom-line model', 1, null);
insert into Comment (id, user_id, text, post_id, parent_comment_id) values (63, 23, 'Proactive optimizing array', null, 2);
insert into Comment (id, user_id, text, post_id, parent_comment_id) values (64, 44, 'User-friendly neutral project', 41, null);
insert into Comment (id, user_id, text, post_id, parent_comment_id) values (65, 7, 'Expanded system-worthy task-force', null, 60);
insert into Comment (id, user_id, text, post_id, parent_comment_id) values (66, 44, 'Centralized encompassing success', 2, null);
insert into Comment (id, user_id, text, post_id, parent_comment_id) values (67, 44, 'Horizontal logistical framework', null, 15);
insert into Comment (id, user_id, text, post_id, parent_comment_id) values (68, 44, 'Diverse systemic open architecture', 75, null);
insert into Comment (id, user_id, text, post_id, parent_comment_id) values (69, 44, 'Customer-focused foreground workforce', null, 60);
insert into Comment (id, user_id, text, post_id, parent_comment_id) values (70, 44, 'Triple-buffered coherent instruction set', null, 2);
insert into Comment (id, user_id, text, post_id, parent_comment_id) values (71, 44, 'Multi-layered bandwidth-monitored archive', 27, null);
insert into Comment (id, user_id, text, post_id, parent_comment_id) values (72, 35, 'Diverse disintermediate project', 51, null);
insert into Comment (id, user_id, text, post_id, parent_comment_id) values (73, 37, 'Multi-tiered impactful productivity', null, 65);
insert into Comment (id, user_id, text, post_id, parent_comment_id) values (74, 38, 'Networked hybrid process improvement', 22, null);
insert into Comment (id, user_id, text, post_id, parent_comment_id) values (75, 1, 'Multi-layered non-volatile matrix', null, 56);
insert into Comment (id, user_id, text, post_id, parent_comment_id) values (76, 2, 'Fundamental cohesive implementation', 54, null);
insert into Comment (id, user_id, text, post_id, parent_comment_id) values (77, 3, 'Up-sized secondary solution', 85, null);
insert into Comment (id, user_id, text, post_id, parent_comment_id) values (78, 4, 'Exclusive cohesive hardware', 68, null);
insert into Comment (id, user_id, text, post_id, parent_comment_id) values (79, 5, 'Multi-layered composite architecture', null, 29);
insert into Comment (id, user_id, text, post_id, parent_comment_id) values (80, 6, 'Centralized systematic budgetary management', 68, null);
insert into Comment (id, user_id, text, post_id, parent_comment_id) values (81, 7, 'Focused modular array', 2, null);
insert into Comment (id, user_id, text, post_id, parent_comment_id) values (82, 8, 'Re-engineered human-resource framework', null, 61);
insert into Comment (id, user_id, text, post_id, parent_comment_id) values (83, 9, 'Expanded solution-oriented open architecture', null, 58);
insert into Comment (id, user_id, text, post_id, parent_comment_id) values (84, 10, 'Fundamental scalable contingency', 43, null);
insert into Comment (id, user_id, text, post_id, parent_comment_id) values (85, 1, 'Progressive context-sensitive hierarchy', 31, null);
insert into Comment (id, user_id, text, post_id, parent_comment_id) values (86, 2, 'Adaptive multimedia hub', null, 2);
insert into Comment (id, user_id, text, post_id, parent_comment_id) values (87, 1, 'Total discrete throughput', 93, null);
insert into Comment (id, user_id, text, post_id, parent_comment_id) values (88, 1, 'Cross-platform user-facing instruction set', 73, null);
insert into Comment (id, user_id, text, post_id, parent_comment_id) values (89, 6, 'Balanced 4th generation process improvement', 52, null);
insert into Comment (id, user_id, text, post_id, parent_comment_id) values (90, 4, 'Robust multi-tasking orchestration', 79, null);
insert into Comment (id, user_id, text, post_id, parent_comment_id) values (91, 4, 'Cloned directional complexity', 4, null);
insert into Comment (id, user_id, text, post_id, parent_comment_id) values (92, 4, 'User-centric contextually-based neural-net', null, 60);
insert into Comment (id, user_id, text, post_id, parent_comment_id) values (93, 7, 'Optional exuding leverage', 7, null);
insert into Comment (id, user_id, text, post_id, parent_comment_id) values (94, 7, 'User-centric zero defect firmware', null, 60);
insert into Comment (id, user_id, text, post_id, parent_comment_id) values (95, 2, 'Organic dynamic hardware', 4, null);
insert into Comment (id, user_id, text, post_id, parent_comment_id) values (96, 1, 'Phased radical moratorium', 34, null);
insert into Comment (id, user_id, text, post_id, parent_comment_id) values (97, 3, 'Programmable user-facing projection', 16, null);
insert into Comment (id, user_id, text, post_id, parent_comment_id) values (98, 22, 'Monitored incremental utilisation', 89, null);
insert into Comment (id, user_id, text, post_id, parent_comment_id) values (99, 22, 'Up-sized context-sensitive forecast', 72, null);
insert into Comment (id, user_id, text, post_id, parent_comment_id) values (100, 22, 'Realigned stable moratorium', 78, null);
insert into Comment (id, user_id, text, post_id, parent_comment_id) values (101, 22, 'Down-sized stable middleware', 47, null);
insert into Comment (id, user_id, text, post_id, parent_comment_id) values (102, 22, 'Automated context-sensitive success', 6, null);
insert into Comment (id, user_id, text, post_id, parent_comment_id) values (103, 22, 'User-friendly maximized internet solution', 2, null);
insert into Comment (id, user_id, text, post_id, parent_comment_id) values (104, 22, 'Optional hybrid Graphical User Interface', 37, null);
insert into Comment (id, user_id, text, post_id, parent_comment_id) values (105, 12, 'Switchable multimedia utilisation', 59, null);
insert into Comment (id, user_id, text, post_id, parent_comment_id) values (106, 12, 'Robust global policy', null, 2);
insert into Comment (id, user_id, text, post_id, parent_comment_id) values (107, 12, 'Innovative secondary software', 14, null);
insert into Comment (id, user_id, text, post_id, parent_comment_id) values (108, 12, 'Intuitive maximized structure', 2, null);
insert into Comment (id, user_id, text, post_id, parent_comment_id) values (109, 44, 'Object-based intangible conglomeration', 89, null);
insert into Comment (id, user_id, text, post_id, parent_comment_id) values (110, 44, 'Compatible directional capability', 69, null);
insert into Comment (id, user_id, text, post_id, parent_comment_id) values (111, 33, 'Versatile mission-critical hardware', 86, null);
insert into Comment (id, user_id, text, post_id, parent_comment_id) values (112, 33, 'Configurable bi-directional software', 100, null);
insert into Comment (id, user_id, text, post_id, parent_comment_id) values (113, 33, 'Multi-channelled 24/7 knowledge user', 93, null);
insert into Comment (id, user_id, text, post_id, parent_comment_id) values (114, 12, 'Realigned 6th generation knowledge user', 50, null);
insert into Comment (id, user_id, text, post_id, parent_comment_id) values (115, 12, 'Sharable composite matrix', null, 81);
insert into Comment (id, user_id, text, post_id, parent_comment_id) values (116, 12, 'Multi-lateral 24 hour data-warehouse', null, 91);
insert into Comment (id, user_id, text, post_id, parent_comment_id) values (117, 11, 'Triple-buffered optimal capability', null, 81);
insert into Comment (id, user_id, text, post_id, parent_comment_id) values (118, 11, 'Advanced grid-enabled focus group', 42, null);
insert into Comment (id, user_id, text, post_id, parent_comment_id) values (119, 11, 'Fundamental foreground success', null, 2);
insert into Comment (id, user_id, text, post_id, parent_comment_id) values (120, 13, 'Ergonomic tangible success', null, 94);
insert into Comment (id, user_id, text, post_id, parent_comment_id) values (121, 13, 'Persistent full-range encryption', null, 2);
insert into Comment (id, user_id, text, post_id, parent_comment_id) values (122, 13, 'Business-focused 24/7 budgetary management', 97, null);
insert into Comment (id, user_id, text, post_id, parent_comment_id) values (123, 13, 'Sharable executive matrix', 36, null);
insert into Comment (id, user_id, text, post_id, parent_comment_id) values (124, 13, 'Balanced neutral installation', 51, null);
insert into Comment (id, user_id, text, post_id, parent_comment_id) values (125, 13, 'Multi-layered context-sensitive superstructure', 12, null);
insert into Comment (id, user_id, text, post_id, parent_comment_id) values (126, 13, 'Fundamental high-level intranet', 1, null);
insert into Comment (id, user_id, text, post_id, parent_comment_id) values (127, 13, 'Reverse-engineered impactful database', 38, null);
insert into Comment (id, user_id, text, post_id, parent_comment_id) values (128, 13, 'Proactive foreground hierarchy', 93, null);
insert into Comment (id, user_id, text, post_id, parent_comment_id) values (129, 13, 'Balanced holistic moderator', null, 49);
insert into Comment (id, user_id, text, post_id, parent_comment_id) values (130, 13, 'Pre-emptive analyzing budgetary management', 46, null);
insert into Comment (id, user_id, text, post_id, parent_comment_id) values (131, 13, 'Optional homogeneous installation', 87, null);
insert into Comment (id, user_id, text, post_id, parent_comment_id) values (132, 1, 'User-centric bottom-line artificial intelligence', 2, null);
insert into Comment (id, user_id, text, post_id, parent_comment_id) values (133, 13, 'Object-based 24/7 Graphic Interface', 84, null);
insert into Comment (id, user_id, text, post_id, parent_comment_id) values (134, 2, 'Fully-configurable user-facing conglomeration', null, 2);
insert into Comment (id, user_id, text, post_id, parent_comment_id) values (135, 2, 'Object-based tangible structure', 49, null);
insert into Comment (id, user_id, text, post_id, parent_comment_id) values (136, 2, 'Exclusive foreground alliance', null, 81);
insert into Comment (id, user_id, text, post_id, parent_comment_id) values (137, 2, 'Universal didactic ability', 12, null);
insert into Comment (id, user_id, text, post_id, parent_comment_id) values (138, 31, 'Multi-tiered zero defect implementation', 44, null);
insert into Comment (id, user_id, text, post_id, parent_comment_id) values (139, 31, 'Quality-focused optimal challenge', null, 63);
insert into Comment (id, user_id, text, post_id, parent_comment_id) values (140, 31, 'Persevering methodical encryption', null, 14);
insert into Comment (id, user_id, text, post_id, parent_comment_id) values (141, 31, 'Up-sized hybrid encoding', 7, null);
insert into Comment (id, user_id, text, post_id, parent_comment_id) values (142, 31, 'Profound attitude-oriented time-frame', 88, null);
insert into Comment (id, user_id, text, post_id, parent_comment_id) values (143, 31, 'Pre-emptive contextually-based time-frame', null, 95);
insert into Comment (id, user_id, text, post_id, parent_comment_id) values (144, 33, 'Virtual incremental protocol', 95, null);
insert into Comment (id, user_id, text, post_id, parent_comment_id) values (145, 12, 'Future-proofed solution-oriented paradigm', null, 60);
insert into Comment (id, user_id, text, post_id, parent_comment_id) values (146, 12, 'Digitized tertiary projection', null, 37);
insert into Comment (id, user_id, text, post_id, parent_comment_id) values (147, 12, 'Switchable needs-based moderator', 58, null);
insert into Comment (id, user_id, text, post_id, parent_comment_id) values (148, 12, 'Decentralized intangible support', 24, null);
insert into Comment (id, user_id, text, post_id, parent_comment_id) values (149, 12, 'Profound 24 hour algorithm', 37, null);
insert into Comment (id, user_id, text, post_id, parent_comment_id) values (150, 12, 'Quality-focused asynchronous migration', 4, null);
insert into Comment (id, user_id, text, post_id, parent_comment_id) values (151, 12, 'Configurable eco-centric benchmark', 9, null);
insert into Comment (id, user_id, text, post_id, parent_comment_id) values (152, 12, 'Business-focused leading edge infrastructure', null, 28);
insert into Comment (id, user_id, text, post_id, parent_comment_id) values (153, 37, 'Digitized background installation', 17, null);
insert into Comment (id, user_id, text, post_id, parent_comment_id) values (154, 37, 'Re-contextualized non-volatile process improvement', null, 2);
insert into Comment (id, user_id, text, post_id, parent_comment_id) values (155, 37, 'Function-based contextually-based infrastructure', 43, null);
insert into Comment (id, user_id, text, post_id, parent_comment_id) values (156, 37, 'Reverse-engineered human-resource neural-net', null, 78);
insert into Comment (id, user_id, text, post_id, parent_comment_id) values (157, 37, 'Multi-lateral object-oriented knowledge base', 44, null);
insert into Comment (id, user_id, text, post_id, parent_comment_id) values (158, 37, 'Enterprise-wide multi-state knowledge base', 62, null);
insert into Comment (id, user_id, text, post_id, parent_comment_id) values (159, 37, 'Fundamental systemic secured line', null, 100);
insert into Comment (id, user_id, text, post_id, parent_comment_id) values (160, 38, 'Configurable context-sensitive methodology', null, 84);
insert into Comment (id, user_id, text, post_id, parent_comment_id) values (161, 38, 'Switchable didactic info-mediaries', 2, null);
insert into Comment (id, user_id, text, post_id, parent_comment_id) values (162, 38, 'Synergized encompassing infrastructure', 90, null);
insert into Comment (id, user_id, text, post_id, parent_comment_id) values (163, 38, 'Organic next generation array', 22, null);
insert into Comment (id, user_id, text, post_id, parent_comment_id) values (164, 39, 'Reduced non-volatile synergy', 24, null);
insert into Comment (id, user_id, text, post_id, parent_comment_id) values (165, 39, 'Adaptive upward-trending conglomeration', null, 70);
insert into Comment (id, user_id, text, post_id, parent_comment_id) values (166, 39, 'Re-contextualized full-range paradigm', null, 6);
insert into Comment (id, user_id, text, post_id, parent_comment_id) values (167, 39, 'Multi-channelled fresh-thinking concept', 84, null);
insert into Comment (id, user_id, text, post_id, parent_comment_id) values (168, 35, 'Front-line full-range Graphical User Interface', 83, null);
insert into Comment (id, user_id, text, post_id, parent_comment_id) values (169, 35, 'Pre-emptive demand-driven implementation', 70, null);
insert into Comment (id, user_id, text, post_id, parent_comment_id) values (170, 35, 'Future-proofed multi-tasking hardware', 15, null);
insert into Comment (id, user_id, text, post_id, parent_comment_id) values (171, 35, 'Grass-roots client-driven algorithm', 96, null);
insert into Comment (id, user_id, text, post_id, parent_comment_id) values (172, 35, 'Proactive real-time intranet', null, 2);
insert into Comment (id, user_id, text, post_id, parent_comment_id) values (173, 35, 'Reduced secondary service-desk', 58, null);
insert into Comment (id, user_id, text, post_id, parent_comment_id) values (174, 21, 'Front-line secondary throughput', null, 8);
insert into Comment (id, user_id, text, post_id, parent_comment_id) values (175, 21, 'User-friendly impactful local area network', null, 54);
insert into Comment (id, user_id, text, post_id, parent_comment_id) values (176, 21, 'Object-based content-based challenge', 10, null);
insert into Comment (id, user_id, text, post_id, parent_comment_id) values (177, 21, 'Switchable fresh-thinking collaboration', null, 15);
insert into Comment (id, user_id, text, post_id, parent_comment_id) values (178, 12, 'Reduced bi-directional pricing structure', 7, null);
insert into Comment (id, user_id, text, post_id, parent_comment_id) values (179, 21, 'Reduced attitude-oriented application', 36, null);
insert into Comment (id, user_id, text, post_id, parent_comment_id) values (180, 21, 'Self-enabling user-facing intranet', 33, null);
insert into Comment (id, user_id, text, post_id, parent_comment_id) values (181, 21, 'Public-key global hub', null, 59);
insert into Comment (id, user_id, text, post_id, parent_comment_id) values (182, 21, 'Grass-roots stable product', 86, null);
insert into Comment (id, user_id, text, post_id, parent_comment_id) values (183, 21, 'Object-based incremental ability', 75, null);
insert into Comment (id, user_id, text, post_id, parent_comment_id) values (184, 21, 'Down-sized asymmetric hub', 47, null);
insert into Comment (id, user_id, text, post_id, parent_comment_id) values (185, 21, 'Implemented client-driven attitude', 2, null);
insert into Comment (id, user_id, text, post_id, parent_comment_id) values (186, 21, 'Fundamental holistic process improvement', 41, null);
insert into Comment (id, user_id, text, post_id, parent_comment_id) values (187, 21, 'Cross-platform secondary strategy', null, 18);
insert into Comment (id, user_id, text, post_id, parent_comment_id) values (188, 21, 'Optimized bandwidth-monitored access', null, 64);
insert into Comment (id, user_id, text, post_id, parent_comment_id) values (189, 21, 'Synergistic demand-driven pricing structure', null, 77);
insert into Comment (id, user_id, text, post_id, parent_comment_id) values (190, 2, 'Progressive motivating toolset', 83, null);
insert into Comment (id, user_id, text, post_id, parent_comment_id) values (191, 2, 'Assimilated encompassing matrices', 11, null);
insert into Comment (id, user_id, text, post_id, parent_comment_id) values (192, 2, 'Distributed object-oriented function', 24, null);
insert into Comment (id, user_id, text, post_id, parent_comment_id) values (193, 1, 'Persistent stable knowledge base', 13, null);
insert into Comment (id, user_id, text, post_id, parent_comment_id) values (194, 2, 'Front-line asynchronous alliance', 24, null);
insert into Comment (id, user_id, text, post_id, parent_comment_id) values (195, 3, 'Profit-focused disintermediate knowledge user', null, 100);
insert into Comment (id, user_id, text, post_id, parent_comment_id) values (196, 4, 'Down-sized transitional secured line', 17, null);
insert into Comment (id, user_id, text, post_id, parent_comment_id) values (197, 5, 'Intuitive client-server instruction set', 51, null);
insert into Comment (id, user_id, text, post_id, parent_comment_id) values (198, 6, 'Enterprise-wide coherent artificial intelligence', null, 87);
insert into Comment (id, user_id, text, post_id, parent_comment_id) values (199, 7, 'Horizontal foreground synergy', 97, null);
insert into Comment (id, user_id, text, post_id, parent_comment_id) values (200, 8, 'Triple-buffered contextually-based throughput', null, 97);
